forms_leaflets_id,court_forms_id,court_leaflets_id
1,4600,4602
2,483,2750
4,50,93
13,74,77
15,75,76
17,78,93
25,1114,119
29,1115,106
30,1115,120
32,142,115
35,144,115
38,146,115
42,149,115
44,150,115
47,154,115
50,156,109
97,256,254
98,256,264
104,269,219
105,269,224
106,269,231
107,269,234
108,269,241
109,269,264
120,271,273
124,1117,296
129,337,181
131,337,193
134,337,263
139,338,178
140,338,179
141,338,183
142,338,191
143,338,199
145,338,262
146,338,264
147,338,267
148,338,416
149,347,351
153,362,629
154,362,636
155,362,638
156,362,638
157,362,642
158,363,628
159,363,634
160,363,637
161,363,641
164,379,245
165,379,247
168,381,245
169,381,247
170,382,645
177,388,249
178,388,264
179,388,392
182,396,398
185,418,264
191,421,253
192,428,435
193,442,449
195,443,451
196,445,452
197,459,245
200,483,177
209,483,629
210,483,636
211,483,638
220,484,175
221,484,199
223,484,219
224,484,227
225,484,231
226,484,237
227,484,247
228,484,251
229,484,253
230,484,628
231,484,634
232,484,637
236,521,196
238,536,219
239,536,224
240,536,264
249,547,219
250,547,231
251,547,264
264,551,219
265,551,231
266,551,264
275,555,219
276,555,224
277,555,264
280,563,219
281,563,227
282,563,231
283,563,264
302,567,219
303,567,224
304,567,227
305,567,231
312,573,234
313,573,264
314,573,528
317,577,234
318,577,264
319,577,528
331,587,219
332,587,224
333,587,264
343,590,219
344,590,227
345,590,231
346,590,598
348,608,245
349,608,247
352,643,644
353,643,645
354,647,187
355,647,199
357,648,189
363,651,528
364,656,189
372,657,187
373,657,199
376,659,187
377,659,199
379,661,189
385,663,189
391,664,187
394,666,187
396,668,189
398,735,4630
411,594,598
427,335,336
428,1074,949
429,1075,950
430,1076,951
431,1077,952
432,1078,953
433,1079,954
434,1080,955
435,1081,956
436,1082,957
437,1083,958
438,1084,959
439,1085,960
440,1086,961
441,1087,962
442,1090,963
443,1090,964
445,1125,973
446,1125,120
448,1135,978
449,1138,979
450,1139,980
454,1272,1003
455,1134,1004
456,1136,1005
457,1137,1006
458,1140,1007
459,1274,1009
461,1275,981
462,2186,986
479,2190,1025
482,1278,1037
487,2388,1071
489,161,1073
490,162,1074
492,1115,140
494,335,2513
495,388,2520
497,2709,2523
498,2710,2524
506,418,740
508,418,744
511,418,1032
512,418,1033
513,418,1034
515,418,2515
518,422,740
520,422,744
523,422,1032
524,422,1033
525,422,1034
527,422,2515
530,545,740
532,545,744
535,545,1032
536,545,1033
537,545,1034
539,545,2515
542,735,740
544,735,744
546,735,1032
547,735,1033
548,735,1034
550,735,2515
553,739,740
555,739,744
558,739,1032
559,739,1033
560,739,1034
562,739,2515
564,546,1024
565,546,2392
566,546,2526
583,2731,2535
585,2731,2537
586,2732,2538
587,2732,2539
588,2732,2540
590,2732,2542
591,2732,2543
592,2732,2544
593,2732,2545
595,2732,2547
596,2732,2548
597,2732,2549
610,2734,2538
611,2734,2539
612,2734,2540
614,2734,2542
615,2734,2543
616,2734,2544
617,2734,2545
619,2734,2547
620,2734,2548
621,2734,2549
634,2736,2538
635,2736,2539
636,2736,2540
638,2736,2542
639,2736,2543
640,2736,2544
641,2736,2545
643,2736,2547
644,2736,2548
645,2736,2549
658,2738,2538
659,2738,2539
660,2738,2540
662,2738,2542
663,2738,2543
664,2738,2544
665,2738,2545
667,2738,2547
668,2738,2548
669,2738,2549
682,2740,2538
683,2740,2539
684,2740,2540
686,2740,2542
687,2740,2543
688,2740,2544
689,2740,2545
691,2740,2547
692,2740,2548
693,2740,2549
694,2741,2538
695,2741,2539
696,2741,2540
698,2741,2542
699,2741,2543
700,2741,2544
701,2741,2545
703,2741,2547
704,2741,2548
705,2741,2549
706,2742,2538
707,2742,2539
708,2742,2540
710,2742,2542
711,2742,2543
712,2742,2544
713,2742,2545
715,2742,2547
716,2742,2548
717,2742,2549
718,2743,2538
719,2743,2539
720,2743,2540
722,2743,2542
723,2743,2543
724,2743,2544
725,2743,2545
727,2743,2547
728,2743,2548
729,2743,2549
730,1146,2402
735,2757,2568
736,2757,2569
738,2757,2571
740,2759,4750
742,2763,4752
743,2763,4753
744,2763,4754
745,2764,4755
746,2764,4756
747,2765,4755
748,2765,4756
749,2766,4757
750,2766,4758
751,2767,4757
752,2767,4758
753,2768,4759
754,2768,4760
755,2768,4761
756,2768,4762
757,2769,4759
758,2769,4760
759,2769,4761
760,2769,4762
761,2772,4763
762,2772,4764
763,2772,4765
764,2773,4763
765,2773,4764
766,2773,4765
767,2773,4766
768,2773,4767
769,2775,4766
770,2775,4767
771,2777,4768
772,2777,4769
773,2778,4770
774,2778,4771
775,2781,4772
776,2781,4773
777,2782,4772
778,2782,4773
779,2783,4774
780,2774,4766
781,2774,4767
782,4398,4738
1064,2652,2510
1065,2799,2598
1066,2800,2597
1105,2742,2600
1106,2743,2600
1107,2875,2612
1167,2878,2615
1168,2879,2616
1169,2880,2617
1173,2884,2621
1176,4726,2641
1177,2890,2644
1178,2891,2645
1179,463,392
1180,1069,392
1181,552,2647
1182,2340,2648
1183,553,2649
1184,2375,2650
1187,2896,2683
1188,2896,2684
1193,3006,2701
1195,3015,2703
1197,3015,2705
1203,3019,2702
1204,3020,2715
1206,3039,2723
1207,3038,2724
1209,3041,2725
1210,3042,2726
1212,3047,2729
1270,484,2733
1279,2253,2756
1281,4389,2827
1282,4390,2828
1283,4390,2829
1284,4390,2830
1285,4391,2828
1286,4391,2829
1287,4391,2830
1292,4398,2833
1301,4403,2841
1302,4404,2841
1303,4405,2841
1304,4406,2841
1305,4407,2841
1306,4408,2841
1307,4409,2842
1308,2877,2614
1309,4411,2843
1310,4412,2843
1314,2800,2832
1324,4462,4458
1325,4463,4458
1328,4475,4514
1329,4475,4511
1331,4473,4510
1333,4496,4508
1335,4498,4508
1337,4500,4508
1338,4506,4539
1339,424,431
1340,424,434
1369,2980,2630
1372,4853,4736
1374,2982,2632
1375,2983,2633
1376,4750,4556
1377,4751,4557
1379,4900,4900
1380,5053,1048
1381,5060,1048
1400,4397,2833
1401,4397,2834
1402,4397,2835
1403,3136,2809
1404,3094,2738
1405,3095,2738
1406,3096,2738
1407,3078,2739
1408,3080,2739
1409,3081,2739
1410,3082,2739
1411,3083,2739
1412,3084,2739
1413,3085,2739
1414,3086,2739
1415,3087,2740
1416,3088,2740
1417,3089,2740
1418,3090,2740
1419,3091,2740
1420,3092,2740
1421,3093,2740
1422,3053,2741
1423,3054,2741
1424,3055,2741
1425,3056,2741
1426,3075,2741
1427,3076,2741
1428,4601,2742
1429,4602,2742
1430,4603,2742
1431,4604,2742
1432,4605,2742
1433,4606,2742
1434,4607,2742
1435,4608,2742
1436,4609,2742
1437,4610,2742
1438,4611,2742
1439,4612,2742
1440,4613,2742
1441,4614,2742
1442,4615,2742
1443,4616,2742
1444,4617,2742
1445,4618,2742
1446,4619,2742
1447,3079,2743
1448,3077,2744
1449,3074,4548
1450,4397,4738
1526,2981,2631
1600,10000,2780
1606,10010,2780
1607,10020,2780
1609,10030,2780
1610,10040,2780
1611,10050,2780
1612,10060,2780
1615,10080,2780
1618,10090,2780
1619,10100,2780
1620,10120,2780
1622,10130,2780
1624,10140,2780
1626,10150,2780
1627,10170,2780
1629,10190,2780
1631,10200,2780
1632,10260,2780
1634,10270,2780
1635,10290,2780
1636,10300,2780
1637,10310,2780
1642,10320,2780
1643,10350,2780
1644,10360,2780
1645,10370,2780
1646,10380,2780
1647,10420,2780
1648,10430,2780
1649,10440,2780
1650,10450,2780
1651,10460,2780
1653,10480,2780
1654,10490,2780
1655,10520,2781
1670,12000,12060
1671,12020,12060
1672,12050,12060
1673,12060,12060
1674,2216,12060
1675,294,12060
2904,2904,2900
2908,2908,2900
2912,2912,2900
4505,4505,2706
4600,4600,4600
4645,4645,4640
6007,2790,2844
6008,2791,2844
6021,3000,4780
6022,3000,4782
6023,3000,4783
14000,14000,14000
14001,14000,2502
14005,14005,14005
